{
    "name": "Dwarf",
    "description": "Small folk that went into hiding after their war with the giants. They now hold a vendetta against giantkind.",
    "icon": "minecraft:cobblestone",
    "impact": 3,
    "powers": [
        "tex_origins:night_vision",
        "tex_origins:small_stature",
        "tex_origins:dwarf_rock_hard_skin",
        "tex_origins:dwarf_fortune",
        "tex_origins:unfamiliar_land",
        "tex_origins:dwarf_rage",
        "tex_origins:dwarf_stonemaster",
        "tex_origins:dwarf_health"
    ]
}