{
    "name": "Lich",
    "description": "Liches are formed by those that undergo an unholy ritual to cheat death by those that fear death.  Not many would desire to exist this way.  They desire and crave the warmth and life of other living creatures.",
    "icon": "minecraft:soul_sand",
    "impact": 3,
    "powers": [
        "tex_origins:burn_in_daylight",
        "tex_origins:prevent_death_use",
        "tex_origins:prevent_death",
        "tex_origins:lich_undead",
        "tex_origins:lich_undead_metabolism",
        "tex_origins:lich_wither"
    ]
}