{
    "name": "Dwarven Rage",
    "description": "You can unleash a rage against the world that has wronged you.",
    "type": "origins:active_self",
    "entity_action": {
        "type": "origins:and",
        "actions": [
            {
                "type": "origins:exhaust",
                "amount": 15.0
            },

            {
                "type": "origins:execute_command",
                "command": "playsound minecraft:entity.ghast.hurt player @a[distance=..10] ~ ~ ~ 1 1 1",
                "permission_level": 4
            },

            {
                "type": "origins:apply_effect",
                "effect": {
                    "effect": "minecraft:strength",
                    "duration": 600,
                    "amplifier": 0,
                    "is_ambient": true,
                    "show_particles": true,
                    "show_icon": true
                }
            },

            {
                "type": "origins:apply_effect",
                "effect": {
                    "effect": "minecraft:speed",
                    "duration": 600,
                    "amplifier": 0,
                    "is_ambient": true,
                    "show_particles": true,
                    "show_icon": true
                }
            }
        ]
    },
    "cooldown": 1200,
    "hud_render": {
        "should_render": true
    }
}