{
    "type": "origins:multiple",
    "name": "Undead Metabolism",
    "description": "You require no food to keep moving but you can't eat.  You can repair yourself with bones.  You require no oxygen and thus can't drown.",

    "no_hunger": {
        "type": "origins:action_over_time",
        "interval": 20,
        "entity_action": {
            "type": "origins:feed",
            "food": 2,
            "saturation": 2
        }
    },

    "prevent_regen": {
        "type": "origins:disable_regen"
    },

    "bone_healing": {
        "type": "origins:active_self",
        "cooldown": 80,
        "hud_render": {
            "should_render": true,
            "bar_index": 17,
            "sprite_location": "origins:/textures/gui/community/spiderkolo/resource_bar_02.png"
        },
        "key": {
            "key": "key.use"
        },
        "entity_action": {
            "type": "origins:and",
            "actions": [
                {
                    "type": "origins:heal",
                    "amount": 4
                },
                {
                    "type": "origins:execute_command",
                    "command": "clear @s minecraft:bone 1"
                },
                {
                    "type": "origins:execute_command",
                    "command": "playsound minecraft:entity.skeleton.ambient player @a[distance=..10] ~ ~ ~ 1 1 1",
                    "permission_level": 4
                }
            ]
        },
        "condition": {
            "type": "origins:and",
            "conditions": [
                {
                    "type": "origins:health",
                    "comparison": "<",
                    "compare_to": 20
                },
                {
                    "type": "origins:equipped_item",
                    "equipment_slot": "mainhand",
                    "item_condition": {
                        "type": "origins:ingredient",
                        "ingredient": {
                            "item": "minecraft:bone"
                            }
                    }
                }
            ]
        }
    },

    "effect_immune": {
        "type": "origins:effect_immunity",
        "effects": [
            "minecraft:wither",
            "minecraft:poison"
        ]
    },

    "no_drown": {
        "type": "origins:action_over_time",
        "entity_action": {
            "type": "origins:gain_air",
            "value": 100
        },
        "condition": {
            "type": "submerged_in",
            "fluid": "minecraft:water"
        }
    }
}