{
    "name": "Energy Drain",
    "description": "You have a corrupting touch, draining the life from everything you hit.",
    "type": "origins:action_on_hit",
    "bientity_action": {
        "type": "origins:target_action",
        "action": {
            "type": "origins:apply_effect",
            "effect": {
                "effect": "minecraft:wither",
                "duration": 40,
                "amplifier": 4,
                "show_icon": true,
                "show_particles": true
            }
        },
        "condition": {
            "type": "origins:equipped_item",
            "equipment_slot": "mainhand",
            "item_condition": {
                "type": "origins:empty"
            }
        }
    }
}