{
    "hidden": true,
    "type": "origins:prevent_death",
    "condition": {
        "type": "origins:nbt",
        "nbt": "{Tags: ['prevent_death']}"
    },
    "entity_action": {
        "type": "origins:and",
        "actions": [
            {
                "type": "origins:execute_command",
                "command": "tag @s remove prevent_death",
                "permission_level": 4
            },
            {
                "type": "origins:execute_command",
                "command": "kill @e[tag=prevent_death]",
                "permission_level": 4
            },
            {
                "type": "origins:execute_command",
                "command": "tellraw @s {\"text\": \"You're vulnerable!\"}",
                "permission_level": 4
            }
        ]
    }
}