{
    "description": "You can bind your life force to a living creature that you have tamed by shift+right clicking them with an empty hand.",
    "name": "Bind Soul",
    "type": "origins:action_on_entity_use",
    "bientity_action": {
        "type": "origins:and",
        "actions": [
            {
                "type": "origins:target_action",
                "action": {
                    "type": "origins:execute_command",
                    "command": "tag @s add prevent_death",
                    "permission_level": 4
                }
            },
            {
                "type": "origins:actor_action",
                "action": {
                    "type": "origins:execute_command",
                    "command": "tag @s add prevent_death",
                    "permission_level": 4
                }
            },
            {
                "type": "origins:actor_action",
                "action": {
                    "type": "origins:execute_command",
                    "command": "tellraw @s {\"text\": \"You bind your life force.\"}",
                    "permission_level": 4
                }
            },
            {
                "type": "origins:actor_action",
                "action": {
                    "type": "origins:execute_command",
                    "command": "playsound minecraft:block.enchantment_table.use player @a[distance=..10] ~ ~ ~ 1 1 1",
                    "permission_level": 4
                }
            }
        ]
    },
    "item_condition": {
        "type": "origins:empty"
    },
    "hands": [
        "main_hand"
    ],
    "bientity_condition": {
        "type": "origins:owner"
    },
    "condition": {
        "type": "origins:and",
        "conditions": [
            {
                "type": "origins:living"
            },
            {
                "type": "origins:sneaking"
            }
        ]
    }
}
