{
    "type": "origins:action_on_callback",
    "name": "Small Stature",
    "description": "You're smaller than most creatures.",

	"entity_action_chosen": {
		"type": "origins:and",
		"actions":[
		{
			"type": "origins:execute_command",
			"command": "scale set pehkui:height 0.5 @s",
			"permission_level": 4
		},
		{
			"type": "origins:execute_command",
			"command": "scale set pehkui:width 0.5 @s",
			"permission_level": 4
		}
		]
    },
	"entity_action_respawned": {
		"type": "origins:and",
		"actions":[
		{
			"type": "origins:execute_command",
			"command": "scale set pehkui:height 0.5 @s",
			"permission_level": 4
		},
		{
			"type": "origins:execute_command",
			"command": "scale set pehkui:width 0.5 @s",
			"permission_level": 4
		}
		]
	},
	"entity_action_lost": {
		"type": "origins:and",
		"actions":[
		{
			"type": "origins:execute_command",
			"command": "scale set pehkui:height 1 @s",
			"permission_level": 4
		},
		{
			"type": "origins:execute_command",
			"command": "scale set pehkui:width 1 @s",
			"permission_level": 4
		}
		]
		
    },
    "execute_chosen_when_orb": true

}