{
    "type": "origins:action_on_callback",
    "entity_action_added": {
        "type": "origins:and",
        "actions": [
            {
                "type": "origins:execute_command",
                "command": "playsound minecraft:entity.enderman.teleport player @a[distance=..10] ~ ~ ~ 1 1 1",
                "permission_level": 4
            },
            {
                "type": "origins:execute_command",
                "command": "identity equip @s minecraft:horse",
                "permission_level": 4
            }
        ]
    },
    "entity_action_removed": {
        "type": "origins:and",
        "actions": [
            {
                "type": "origins:execute_command",
                "command": "playsound minecraft:entity.enderman.teleport player @a[distance=..10] ~ ~ ~ 1 1 1",
                "permission_level": 4
            },
            {
                "type": "origins:execute_command",
                "command": "identity unequip @s",
                "permission_level": 4
            }
        ]
    }
}