{
    "type": "origins:action_on_being_used",
    "bientity_action": {
        "type": "origins:mount"
    },
    "bientity_condition": {
        "type": "origins:and",
        "conditions": [
            {
                "type": "origins:target_condition",
                "condition": {
                    "type": "origins:passenger",
                    "inverted": true
                }
            },
            {
                "type": "origins:actor_condition",
                "condition": {
                    "type": "origins:power",
                    "power": "tex_origins:unicorn_shape"
                }
            }
        ]
    },
    "item_condition": {
        "type": "origins:empty"
    }
}