{
    "name": "Natures Protector",
    "type": "origins:self_action_on_kill",
    "description": "Even after the war is long over you have been charged to ensure no harm comes to nature.",
    "cooldown": 0,
    "target_condition": {
        "type": "origins:or",
        "conditions": [
            {
                "type": "origins:entity_type",
                "entity_type": "minecraft:cow"
            },
            {
                "type": "origins:entity_type",
                "entity_type": "minecraft:pig"
            },
            {
                "type": "origins:entity_type",
                "entity_type": "minecraft:chicken"
            },
            {
                "type": "origins:entity_type",
                "entity_type": "minecraft:sheep"
            },
            {
                "type": "origins:entity_type",
                "entity_type": "minecraft:bee"
            },
            {
                "type": "origins:entity_type",
                "entity_type": "minecraft:axolotl"
            },
            {
                "type": "origins:entity_type",
                "entity_type": "minecraft:cat"
            },
            {
                "type": "origins:entity_type",
                "entity_type": "minecraft:donkey"
            },
            {
                "type": "origins:entity_type",
                "entity_type": "minecraft:fox"
            },
            {
                "type": "origins:entity_type",
                "entity_type": "minecraft:goat"
            },
            {
                "type": "origins:entity_type",
                "entity_type": "minecraft:horse"
            },
            {
                "type": "origins:entity_type",
                "entity_type": "minecraft:llama"
            },
            {
                "type": "origins:entity_type",
                "entity_type": "minecraft:mooshroom"
            },
            {
                "type": "origins:entity_type",
                "entity_type": "minecraft:mule"
            },
            {
                "type": "origins:entity_type",
                "entity_type": "minecraft:ocelot"
            },
            {
                "type": "origins:entity_type",
                "entity_type": "minecraft:rabbit"
            },
            {
                "type": "origins:entity_type",
                "entity_type": "minecraft:trader_llama"
            },
            {
                "type": "origins:entity_type",
                "entity_type": "minecraft:turtle"
            },
            {
                "type": "origins:entity_type",
                "entity_type": "minecraft:wolf"
            }
        ]
    },

    "entity_action": {
        "type": "origins:and",
        "actions": [
            {
                "type": "origins:execute_command",
                "command": "playsound minecraft:entity.elder_guardian.curse player @s"
            },
            {
                "type": "origins:execute_command",
                "command": "tellraw @s {\"text\": \"You have broken your oath....\"}"
            },
            {
                "type": "origins:revoke_power",
                "power": "tex_origins:unicorn_shift",
                "source": "tex_origins:unicorn"
            },
            {
                "type": "origins:revoke_power",
                "power": "tex_origins:unicorn_natures_protector",
                "source": "tex_origins:unicorn"
            },
            {
                "type": "origins:grant_power",
                "power": "tex_origins:unicorn_forgivness",
                "source": "tex_origins:unicorn"
            }
        ]
    }
}