{
    "hidden": true,
    "type": "origins:prevent_entity_use",
    "bientity_condition": {
        "type": "origins:and",
        "conditions": [
            {
                "type": "origins:or",
                "conditions": [
                    {
                        "type": "origins:target_condition",
                        "condition": {
                            "type": "origins:entity_type",
                            "entity_type": "minecraft:horse"
                        }
                    },
                    {
                        "type": "origins:target_condition",
                        "condition": {
                            "type": "origins:entity_type",
                            "entity_type": "minecraft:llama"
                        }
                    }

                ]
            },
            {
                "type": "origins:actor_condition",
                "condition": {
                    "type": "origins:power",
                    "power": "tex_origins:unicorn_shape"
                }
            }
        ]
    }
}